date,star,text
2022-11-23,5,포장이 너무 맘에 들어요 빨리 잘 받았습니다
2022-11-03,5,와 먹어보고 리뷰 쓰려고 미루고 있었는데 방금 한모금 마셨거든요 진짜 맛있어요 이게 감귤이다 약간 와인같은 느낌이에요 라고 할랬는데 병에 와인이라고 써있네요 머쓱
2022-11-28,5,귤로만든거 중에 젤 맛있음
2022-11-21,5,선물로 드렸는데생각보다 배송도 나름 빨랐어요
2022-11-22,5,향이 살짝 나면서 가볍게 마셨습니다
2022-11-21,5,포장도 꼼꼼하고 맛도 있어요
2022-11-13,5,포장도 꼼꼼하고 제주도 기념품으로 샀어요
2022-11-17,2,너무 쎄요 12도인데 그냥 소주먹는 기분이네요귤향도 약해요ㅠ 기대했는데
2022-11-15,5,귤맛이 나는 리큐르느낌일줄 알았는데 고급진 매화수맛이납니다 잘마셨습니다
2022-11-05,5,홈파티 용도로 샀어요 배송도 빠르고 포장도 꼼꼼해요
2022-10-13,5,상자에 덜렁 들어있어서 놀라긴 했는데 포장은 잘 해주셔서 안 깨지고 왔어요 단 술을 좋아하는 편이라 괜찮네요
2022-10-06,5,너무 맛잇어요최고 ㅔ
2022-10-01,5,맛있다고해서 샀어요
2022-10-25,5,맛있어요  좋아요  
2022-11-01,5,좋아요 맛있어요 또먹고싶어요
2022-10-01,5,선물하려고 구입 좋아하시네요
2022-09-17,5,선물용으로 구매했어요 잘왔습니다
2022-09-01,5,좋아요 맛있어요 같이먹는 사람들도 좋아해요
2022-08-01,5,선물용으로도 좋고 특별한날 한잔하기도 젛아요또 구매하고싶습니다
2022-07-19,5,술집에서 먹어보고 구매 똑같이맛나겠죠
2022-05-26,5,선물용으로 구매했어요 대량구매했고 원하는 날짜에 보내주셔서 기분좋게 답례 할 수 있었습니다 사람들도 모두 다 좋아하셨어요 감사해요
2022-06-04,3,잘 먹었습니다리뷰에 박스개별포장 되어있다고해서 주문했는데ㅠㅠㅠ 개별 포장은 안되어있더라구요선물용으로 구매했는데 좀 아쉬워요
2022-07-08,5,포장도넘잘되서왔구맛도 부드럽게너무좋네여조만간또시키겠습니다
2022-07-02,5,포장 꼼꼼하고 맛있어요
2022-06-21,5,포장이 잘 되어있어서 좋습니다
2022-05-27,5,저렴한 가격빠른배송
2022-04-19,5,맛잇을꺼같아요 아직 안먹어봣는데 평이좋아서
2022-04-18,5,생각했던엄청 달달구리한 스타일은 아니지만맛있어요도수 대비 부드럽고 향도 독특하고임인년새해에디션 패키지가 너무 귀여워서 그걸로 받고 싶었는데그 패키지상품은 다 소진 되었다 하네요ㅜㅜ
2022-04-25,5,좋아요
2022-04-07,5,맛좋습니당 선물용으로딱이에요
2022-04-19,5,너무맛있고 새콤해요
2022-01-21,5,제주도에서 사서 먹어보고너무 너무 맛있어서 시켰어요술잘못드시는 분께도 적당했고 부드럽고양은 적지만  화이트와인이다 생각하고 음미하며 마실게요번창하세요
2022-03-07,5,아직 맛을 보지 않아서 잘 모르겠어요
2022-02-05,5,간만에 다시 마셨는데 좋네요 신년 에디션 패키지 귀여워요 ㅎㅎ
2022-02-21,5,제주에서 무거워서 못사왔는데 집에서 주문해서 편하게 먹었어요
2022-03-02,5,좋아요 좋아요 좋아요 좋아요 좋아요
2022-01-22,5,너무 달지 않아 어른들도 즐기실 수 있어요 해산물과도 잘 어울리는 깔끔한 맛입니다 두 번째 구매해서 잘 마시고 있습니다 감사합니다
2022-01-23,5,귤맛나는 술 맛있어요
2022-01-22,5,퇴근하고 집에서 한잔 먹고는 싶은데 소주는 부담이고 맥주는 배불러서 꺼려질 때 왠지 칼로리도 적을 것 같아 내몸에 죄책감이 덜하고 맛있어서 안주 크게 필요없고 딱 한잔만 하고 따랐다가 한잔 더 한반 더 해서 반병 넘게 마시게 됩니다
2022-02-23,5,좋아요 좋아요 좋아요 좋아요 좋아요 좋아요
2022-02-13,5,조아좋아요오옹
2022-01-07,5,깔끔하고 좋았어요약간 와인 마시는 느낌을 받았네요양에 비해 가격이 좀 있어서 약간 아쉬워요몇병 이상은 무배로 진행하면 참 좋을것같은데 ㅎㅎ다음에 또 생각날떄 주문 하겠습니다
2022-02-04,5,맛있어서 또시켜 먹네요
2022-01-25,5,아주 맛있어요 다음에 또 배송 시키려구요 ㅎㅎ
2022-01-02,5,넘 맛있어요 ㅜㅜ여자친구가 넘 좋아허내용
2021-12-06,5,오 상큼하고 깔끔해요 선물로 주려고 샀는데 그냥 제가 먹으려고요 개별포장 부탁했더니 깔끔하게 보내주셔서 정말 감사해요
2021-12-21,5,제주도 여행 갔다가 마시게 되면서 인터넷으로도 구매하게 되었어요 남자친구랑 같이 마셨는데 맛있다며 좋아해줘서 뿌듯
2021-12-06,5,오프라인으로 마셔보고 반했어요감귤향 부드러운 청주느낌
2022-01-20,5,맛있고 좋아용 좋아용
2021-11-30,5,목넘김도 좋고 일반소주랑 확실히 다릅니다ㅎㅎ근데 감귤맛은 많이 나지는 않고 독한소주 싫어하거나과일술 좋아하는 여성분들이 딱 좋아할 맛이에요 술술 잘넘어 갔어요
2021-12-05,5,쟁여두고 먹습니다 맛있어요
2021-11-29,4,목넘김 부드럽고 맛 괜찮아요
2021-10-31,5,친구선물해줬어요 엄청 조아해요
2021-11-06,5,아주아주 맛있게 잘먹는중입니다 다마시면 또시킬게요
2021-10-18,5,제가 알쓰라 술에 대해서는 잘 모르는데 그냥 머시기 부담스럽지 않앗고 목놈긴도 편하구 친구들이랑 분위기 낼때 마시기 너무 좋을거 같아요
2021-10-28,4,목넘김  부드럽고 맛두 좋네요
2021-09-27,5,맛있습니다 감사합니다
2021-09-29,5,아주마니완전마니좋아요옹
2021-09-05,5,선물용으로 샀는데 부드럽다고 좋아들하세오
2021-09-26,5,적당히 달달하고 목넘김좋아요
2021-09-12,5,상상하던 딱 제가 원하던 그맛이네요 굿
2021-09-15,3,너무너문무너무맛있어써요
2021-08-28,3,생각보단 향이 덜났어요 맛은 조금 아쉽네요 애매한 느낌
2021-08-25,5,굿굿 포장좋고 박스개별포장 이쁘네유
2021-08-30,4,생각보다 맛은 좀  밍밍하네요
2021-08-06,4,달짝지근하명서 맛있네영
2021-08-24,5,맛있어요 맛있어요
2021-08-18,5,포장도 맛도 좋아요
2021-08-14,5,빠르게 배송와서 너무나 좋았습니다
2021-07-07,5,달달하니 맛나네용 선물용으로 넉넉히구매했어요
2021-07-24,5,배송이 무지 빨라요 ㄸ
2021-07-12,4,기대했던 것 만큼 특별한 맛은 아니였습니다
2021-06-03,5,택배 발송 시잠부터 배송 완료까지 엄청 빨라요친구들이랑 마시려고 샀는데 다들 좋다고 난리네요나중에는 제주도 직접 가서 더 사고 싶어요
2021-07-16,4,상큼합니다다만 좀 달달해서 호불호 있겠네요
2021-06-18,5,선물용으로 딱이네요
2021-06-23,5,술병 깨지지 않게 정말 포장 잘해주셨네요새콤 달콤 맛있어요
2021-06-26,5,막 시큼하진 않고 좀 가벼운 백세주느낌입니다
2021-05-03,5,귤향은 거의 안나요인공첨가물 들어간 술 맛이 아니라처음 마실 때부터 목넘김 후까지깔끔한 맛이라 좋았어요소주 잘 못 마시는데 혼디주는 계속 먹을 수 있는 맛이에요굿굿미리 말씀드렸더니 박스에 포장해서 보내주셔서 좋았습니다
2021-06-05,1,맛이고무맛이상한 단짠이라 못마시겠어요ㅠㅠ뭔가 잘못됐나 싶었는데 반품 과정 귀찮아저 그냥 리뷰로만 남깁니다
2021-05-20,5,지인들 선물용으로 딱이네요 너무 좋아요
2021-05-14,5,아빠랑 같이 먹었는데 다 먹었네요 맛ㄱㅊ
2021-06-04,5,선물용으로 샀는데 좋아하시네요
2021-04-14,5,너무 달지않아서 더 많이 마실수 잇어요 적당한 향긋순삭 두병사길 잘햇어요 재구매하겟습니당
2021-05-08,4,깔끔하고 담백해요 상큼한 귤향이 있는 부드러운 소주맛이었어요
2021-04-06,5,사케같아요얼음넣구 먹으니 더 깔끔하고 맛있네요귤 맛이나 향은 안느껴져서 조금 아쉬웠어요
2021-04-26,4,배송이 넘 느려요맛은 좋아요
2021-05-07,4,경험치 상승역하지 않은 달달함
2021-04-21,4,배송이 너무 오래걸렸어요 ㅜㅜ맛은 좋아요
2021-04-15,5,귀찮아서 병째로 마셨는데 홀짝홀짝 하니까 없어요ㅋㅋㅋ 청주느낌인데 생각보다 귤향은 안나요
2021-04-16,4,기대한 만큼 엄청 맛있진 않지만 가격대비 좋다고 생각합니다
2021-04-06,5,생각보다 감귤향이 진하진 않았어요무난합니다
2021-03-12,5,진짜 최고 혼디쥬 너무오무 팬이에요
2021-04-09,5,회랑 딱이에요 ㅎㅎ
2021-04-02,5,쬐금 독특한 좋은 맛입니다좋습니다
2021-03-06,5,정말맛있어요포장 굉장히 꼼꼼하게 욌어요그래도 병인지라 배송과정에서 한병이 조금 샜더라구요 배송괴정에서 생긴일이라 어쩔수없는거같아요
2021-03-11,5,병인데도 포장 너무 꼼옴하게 잘 해주셔서 진짜 감동받앗어요 감사합니다
2021-03-16,5,아직안먹너봤는데 기대되네여
2021-02-17,5,빠른배송 가성비굿향도좋네요
2021-03-13,5,잘 받았습니다 잘 마실게요
2021-02-17,5,혼술 할 때 깔끔해요
2021-02-08,5,배송이 느렸지만 포장 깔끔하고 꼼꼼하게 왔어요 아직 마셔보진 않았지만 기대됩니다
2021-01-09,5,여섯병 정도 먹어봤는데 재구매 의사 있을 정도로 좋은 맛과 향입니다
2020-12-23,5,기대 이상이네요 맛있게 잘 마셨습니다
2021-01-13,5, 또 주문하고 싶어요
2021-01-11,5,맛이 좋긴 하나 가격이 좀 세네요
2020-12-25,5,상큼하니 맛있었어요 다만 단 맛을 조금 줄이고 귤맛이 더 가미하는게 좋울 것 같아요
2020-12-08,5,과일주라 달지 않을까 했는데 단맛보다는 향이 두드러지는 편이라 좋았어요
2020-12-26,5,부드럽고맛이 깔끔하네요역시 백선생님 추천 술이네요
2020-12-16,5,더 살 껄 그랬어요
2020-12-17,2,사람마다 차이가 있을수있겟지만 저는 별로였어요청주맛 그거랑 비슷합니다
2020-12-21,4,맛있어요 잘 산것 같아요
2020-12-12,4,포장 꼼꼼하게 잘 왔어요 맛있네요
2020-12-20,5,술 잘 못마시는 분들도 편하게 먹을 수 있어요
2020-12-11,5,정말 맛나게 먹었어요 감귤향 청하 같습니다
2020-12-17,5,포장이 참 잘 되어 도착했습니다
2020-12-09,5,좋네요깨지지않고 꼼꼼이 배송맛은 더 봐야겠어요
2020-10-29,5,친구한테 보냈는데 좋아해요다음에 저도 먹어보려구요
2020-10-08,5,감귤하면 조금이라도 단맛이 있을 줄 알았는데 와우 없어요 단맛 처음 먹어보는 맛이었어요 뭔가 가벼운 느낌의 술이라서 깔끔한거 먹고 싶을때 좋을거 같아요
2020-11-13,5,맛좋아요 잘먹을께요
2020-10-12,5,살짝 깨져서 왔는데 업체에서 바로 먼저 연락주시고 친절하게 처리해 주셨어요 아빠가 엄청 좋아하셔서 두반째 구매했습니다
2020-09-09,5,잘 받았습니다 헤헤
2020-09-25,3,아직 안먹어서 잘모르겟네요
2020-08-25,4,포장 엄청 꼼꼼하게 해주셨네요 이것도 나쁘지 않았어요어디 타먹긴 좀 애매하군요
2020-08-25,2,감귤이 들어가긴 한건가 싶을 정도의 향
2020-07-19,4,제가 술을 잘 못먹어서 달달한술일줄 알았는데 그렇진않네요 밥먹을때 같이 먹어서 혼디주랑 마셔블랑이랑 차이점을 잘 못느꼈어요
2020-08-12,5,맛남 사진을 못 찍음 아쉽
2020-07-22,4,맛도 부드럽고 좋네요
2020-06-03,3,선물용으로 살때 참고하세요  제주도에서 예쁜박스에 담겨있는거 보고 선물용으로 주문했는데 그냥 병째로오네요 목요일에 선물해야되서 어쩔수없이 구매하지만 이럴줄알았으면 좀더 알아보고 주문할걸 그랬어요
2020-06-16,5,적당한 도수 적당한 달콤함 적당한 목넘김  여기서 적당하다는 건 그냥 대충 좋다는 게 아니라 모든 게 어우러져 조화가 완벽하다는 뜻입니다  발란스가 잘 맞아요  사실 너무 달면 어쩌나 싶었는데 상큼 깔끔하고 좋네요  100퍼센트 재구매 의향 있습니다  술 약한 분들은 언더락 하세요  상쾌한 여름 음료로 추천합니다
2020-06-15,5,포장 꼼꼼하구 배송도 적당히 도착했어요 시원하게 먹으면 더 맛있어요
2020-07-03,4,배송이 빠르네요 제주도에서 오는거라 오래 걸리줄 알앗는데 먹지는 않아서 맛은 잘모르겟어요
2020-07-09,5,맛있어요 은근 세요ㅋㅋ
2020-06-24,5,엄청상큼하고 그래요 통닭먹을 때 같이 먹으면 느끼함 싹 잡아주는 그런느낌
2020-06-19,5,제주도에서 오는것이라서 포장도 꼼꼼히 해주시고 너무 맛있어요
2020-06-13,3,생각보다 향이 강하지 않고 평범했습니다
2020-05-05,5,맛도 부드럽고 가볍게 먹기 좋은거 같아요 배송도 정말 안전한 우체국 택배로 왔어요
2020-04-25,5,먼저꼼꼼한포장 그런데로늦지않은배송시간 순함이좋습니다 입안에퍼지는 귤향이예술이네요 마지막까지잘마실께요
2020-05-13,5,아직안먹어봤어요 주말에 개봉박두포장엄청꼼꼼하네요
2020-05-11,5,마셔블랑이랑 같이 샀는데 맛있어요
2020-05-20,3,마셔보니 잔향이나 뒷맛이 조금 강했어요 저하고는 안맞아서 다 마시진 못했어요
2020-05-16,4,포장이 엄청 꼼꼼해서 좋았습니다 먹을 수록 더 매력적인 맛인 것 같아요 소주보다는 사케에 가까운 느낌이었어요
2020-05-28,5,이런 술 처음이넴 목넘김 진짜 부들좋아요
2020-06-02,5,배송 일주일  맛은 괜찬
2020-04-24,3,술을못먹는 타입인데 향은좋았지만 개인적인 취향으로 단술을좋아해서 단술좋아하는저로써는 별로였어요 ㅠㅠㅠ
2020-04-23,5,친구들이랑 마시려고 마셔블랑이랑 함께 구매했는데요 친구들은 혼디주를 더 마음에 들어하더라구요 부드럽고 약간 정종 느낌도 나구요 사진을 못찍어서 넘 아쉬워요 맛있게 잘 마셨습니다
2020-05-22,3,저는 좀 평범한 거 같아요
2020-05-07,5,아주 좋아요 배송도 깔끔하네요
2020-05-12,5,맛있어요 안깨지고잘옴
2020-03-08,5,맛있어요 2병 주문해서 받자마자 신랑이랑 한병먹고 한병은 아직 개봉안한 상태입니다 혼디주는 열었을 때 상큼한 귤향이 나고 다른 인공적인 향과 맛이 적어서 굉장히 편하게 즐겁게 즐길 수 있는 술이라고 생각합니다 순수 원료로만 만들고 가장 좋은 상태의 배합이 잘 되어 있는 느낌인데 이렇게나 가격이 저렴하다니 만세입니다 후기쓰러오니 잠시 판매중단 상태인 것 같은데 ㅜㅠ 어서 돌아와요
2020-05-03,4,약간 귤하얀부분의 쌉쌀한느낌이나내요
2020-05-05,5,이번 추석때 선물 해볼까하구요 좋어요
2020-04-21,3,상큼할 것이란 예상과 달리 국순 술 맛이 납니다 차게 해서 먹어도 그렇네요아무튼 잘 받았습니다
2020-04-27,4,살짝 감미료스러운 단맛이 나요 그것만 없으면 더 좋았을텐데
2020-05-01,5,맜있어요 또 살예정이에요
2020-04-23,5,맞있네요 혼디주 빠른 배송 감사합니다
2020-04-23,4,입뿌네요  배송도 빠르고맞있네요 감귤술
2020-04-16,5,맛있어요 대만족입니다 많이 파세요
2020-04-21,5,맛은 있는데 와인이 더 맛있어요
2020-04-16,5,잘받았습니다 아직 안먹어봤어요
2020-04-15,4,식전주로 알맞은것겉어요 상큼하고 도수는 낮지않구요
2020-04-06,4,매우  달달한 맛이에요
2020-03-17,5,만족합니다 후기 보고 구매했어요 빠른배송 감사합니다
2020-02-15,5,혹시나 배송이 오래 걸릴까봐 걱정했는데 생각보다 빨리 도착해서 굿굿 다음에 재주문 할 예정입니닷
2020-02-15,5,와인은 아직 안마셔봤는데 혼디주 부드럽고 맛있었어요 차게해서 먹어야 향도 좋고 맛도 더 좋았어요
2020-03-31,5,전통주 좋아하시면 딱입니다 ㅎㅎ
2020-03-13,4,호불호가 있는듯 있네요 저는 괜찮은데 신랑은 별로라고 함ㅠㅠ
2020-02-27,4,센 술 좋아하는데 그래도 둘 중에 요게 나아요
2020-02-16,5,병마다 맛이 조금 틀린가요어떤 날은 술냄새가 많이 나고 어떤날은 전통주 냄새가 좀 나고 어떠 날은 과일 맛이 좀 많이 나고먹을 때마다 맛이 좀 달라요 몸 컨디션에 따라 달라지는 건가 싶어요그래도 소주나 맥주도 못 마시는 일인이 유일하게 마시는 술입니다
2020-02-09,5,방송보고 주문했어요넘 맛있어서 또 사고싶네요
2020-02-10,5,상상했던 귤맛은 아니었지만 산미가 돌고 목넘김이 좋았어요
2020-02-09,5,맛있어요ㅎㅎㅎ포장도 꼼꼼히 해주셨어요
2020-02-09,5,생각보다 빨리 도착했어요 알콜 맛이 나지 않아서 알콜 도수를 잊고 홀짝홀짝 마실 수 있었어요 회랑 같이 먹었는데 회랑 먹기에는 살짝 너무 달았어요 마지막엔 꿀맛이 살짝 나는 달달한 와인입니다
2020-02-11,3,과일주로 손색이 없네요
2020-02-13,5,선물하기에도 좋고 맛도 좋고 포장도 꼼꼼히 해서 보내주셨어요
2020-02-11,4,신례명주는 케이스 없이 뽁뽁이로만 싸서와서 밑이 뚫려있다보니까 꺼내다가 떨어뜨려서 깨졌습니다뽁뽁이를 옆만 감싸지말고 위 아래 다 감싸주시면 좋을 것 같아요
2020-02-21,5,맛있어요 만족스럽습니다
2020-02-06,5,제주 특산품이자 대한민국을 대표하는 명주가 되길 기원합니다 지역과 지역민을 위해 애쓰신 그간의 노고에 꼭 훌륭한 댓가가 따를거예요 힘내세요
2020-02-09,3,생각보다 감귤향이 크게 안나서 아쉬웠네요 그래도 목넘김은 나름 괜찮은듯
2020-02-11,5,맛있어요 일반 소주보다 센것 같은데 맛있어요 뒤끝없고 좋네요
2020-02-08,5,도수도 낮고 살짝 달큰해서 맛있어요 귤향도 좋아요
2020-02-14,5,여자들이 좋아할만한 맛사장님 방송보고 샀는데 응원합니다
2020-02-14,5,비싸지 않고 배송도 빠르고 맛있어요
2020-02-19,5,상큼한향에 부드러운 넘김까지다음에 또 살래요
2020-02-07,5,선물용으로 좋을것같네요 아직 먹어보지 않아서 잘모르겠어요
2020-02-11,5,아직 먹어보진 않았지만 병이 일단 넘 예쁘네요 맛있을거 같아요
2020-02-08,5,생각보다 맛있어요많이 파세요
2020-02-07,5,향과 맛이 좋다고 해서 시켜봤습니다재구매 할려고 보니 상품이 전부 매진 되었네요
2020-02-12,5,맛난 술 만들어주셔서 감사합니다
2020-01-22,5,지인들께 선물로 줬는데 다들 좋아하셔서 좋아요하나하나 꼼꼼하게 포장해주셔서 감사합니다
2020-02-08,5,잘 받았어요 맛있게 마실게요
2020-02-11,4,새콤한 청주맛입니다 맛있어요
2020-02-11,5,다들맛있다고해서 기대중
2020-02-08,5,좋아요 잘 마실게요
2020-02-08,4,궁금해서구매햇어요
2020-01-04,5,아직 안먹어봤지만 배송은 잘 왔습니다
2020-01-25,5,배송포장넘좋았어용짱짱맨
2019-12-16,5,아직마시진않았습니다 그래도 패킹도이쁘고 다른데서 본 평으로 만족합니다
2019-12-29,5,주말과 크리스마스 껴서 배송은 늦었지만포장도 하나하나씩 안 깨지게 포장 잘해주셔서 감사합니다
2019-12-19,4,햄튜브님영상보고 신례명주랑 혼디주도 궁금해서 샀는데 기대되네요
2019-11-29,5,친구들 선물로 구매했어요 다들 좋아해서 기분이 좋네요
2019-12-12,5,빠른 배송 상큼한 맛
2019-08-31,5,아직 마시지는 않았지만 병 디자인이 괜찮아서 선물용으로도 가능할 것 같습니다
2019-03-13,5,개인적으로는 혼디주가 더 상큼하고 취향저격이었어요 술은 이런 쇼핑으로 처음 사보는데 만족스러운 구매였습니다 ㅋㅋ 번창하세요
2019-03-23,5,귤향 달콤한맛 부드러움 적당히 마실 술로 추천합니다
2019-03-08,5,냄새도 좋고 진짜 목넘길때 넘조항요
2019-03-08,4,향도 좋고 부드러워요
2019-01-20,5,배송도 빠르고 안전 배송 해주셨네요 그리고 패키지도 이뻐요
2019-02-04,3,선물용으로 시켰는데 제주에서 직접들고 오지 않아도 받아보니 편하고 기분좋게 선물할수 있어 좋네요
2019-02-15,5,목넘김이 예술입니ㅏ크앙
2019-01-28,5,선물용으로 좋으니요
2019-01-13,5,맛이나 넘김은 개인차이가 있겠지만포장은 잘 되어 왔습니다
2019-01-13,5,향이 맘에 듭니다 부드러우면서 귤향 가득
2018-12-27,4,생각보다 괜찮습니다
2018-12-16,5,아직 안 마셔봤지만 주변에 먹어본 사람들이 맛있다고 해서 기대중이에요ㅎㅎ
2018-10-22,5,좋아요 패키지도 예쁘고 산뜻하네요 외국 분들과 나눠마실건데 특산품으로 만든 술이 있어 참 좋습니다
2018-10-26,5,이번주 이번주말 마셔볼 예정인데 안주가 뭐가 좋을지 역시 마른 안주일까나요ㅋㅋㅋ 많이 파세요
2018-10-17,5,선물용으로 샀어요 배송도 빠르고 깨진거 없이 무사히 잘왔어요
2018-10-17,5,선물용구매 선물용으로 샀어요 맛은 잘 모르지만 배송도 빠르고 깨짐 없이 무사히 잘 도착 했어요ㅋㅋㅋㅋ
2018-10-23,5,굳 제주에서 시켰는데도 배송 도 빨리 오고좋네요 국굳 국  좋습니당  ㄹ
2018-10-26,5,이번주말 마셔볼 예정인데 뭐랑 먹을까
2018-10-08,4,좋아욤 좋아욤ㅋㅋㅋ선물용으로 주문했눈데 포장도 잘되고 크기도 좋구욤 아주 마음에 들어욤ㅋㅋㄱㄷㅋ
2018-10-14,5,신례명주부터 먹어보느라 아직 먹어보진 못했지만 꼼꼼하게 잘 포장되어 예쁘게왔습니다  기대됩니다 
2018-10-22,5,잘받았어요
2018-10-23,5,만족합니댱
2018-10-08,3,좋아욤ㅋㅋ선물할려고 마니주문했어욤
2018-10-16,5,만족합니당
2018-08-21,5,맛있어서 선물 했어요
2018-07-06,5,조아요오오오
2018-06-16,5,너무 맛나요 잘받았습니다
2018-06-02,3,생각보다 맛이 밋밋하네요
2018-04-05,4,품평 병디자인도독특하고빚깔이좋습니다 제주도에서 오는데도 배송이 비교적 빨리왔습니다 감귤향이 살짝나는데 제가 이런종류의 과실주를 좋아하기때문에 괜찮은 상품같습니다
2018-04-05,5,제주도에서 오는데 배송이 빠르네요
2018-02-15,5,선물겸 언니네 먹어보라고는데 배송은 잘되었는데 상자 뚜껑을 안쪽으로 해놔서 꺼낼 때 찌그러 지드라구요 
2018-02-09,3,달달하겟네요사이즈는 생각햇던 것 보단 작아오
2018-02-02,4,혼디주 처음 마셔 보는데 감칠맛이 있고 감귤맛이라 그런지 약간 새콤시큼한 맛도 있네요부드럽게 넘어갑니다
2018-02-01,3,선물했어요 배송 빨라서 좋아요
2018-01-12,5,눈이 많이와서 배송이 늦을줄알았는데 택배기사님도 너무 친절하시고 배송도 빨랐어요 술은 아직 마시진 못했지만 기대되네요
2018-02-02,5,부드러운 맛
2017-12-14,5,제주 감귤로 만든 혼디주 1월에 제주도 여행가면 양조장 찾아가봐야겠네요 맛있게 잘 먹을게요 제주감귤 혼디주 선물세트 과실주
2017-12-26,5,감사합니다
2017-12-11,5,좋아요 맛있게 잘 먹을게요
2022-04-23,5,배송은 좀 늦었지만 병도 이쁘고 포장도 좋네요 선물용입니다
2022-11-12,5,이번에 한번 막걸리 잔뜩 사서종류별로 하나씩 먹어보고 있습니다잔뜩 사도 2만원 정도 밖에 안나왔어요가성비 너무 좋아요다음에도 시킵니다 지나친 음주는 몸에 해로와요ㅎㅎ
2022-11-23,5,이제부터 하나씩 잘 먹어보겠습니다 포장 깜끔하게 잘 왔네요
2022-11-09,5,귤 향이 되게 나는건 아니예요 누룩같은 향이 더 잘 나는것 같아요
2022-11-22,5,배송빠르고 포장상태도 좋습니다
2022-11-06,5,시중 과실주보다 인위적인 맛 없고 깔끔하고 맛있었어요
2022-11-20,5,맛도 좋고 집에 손님올때 꺼내기 너무 좋은술인것같아요 배송도 빨라 좋네요
2022-11-16,5,선물용으로 구매했습니다
2022-10-27,5,빠른 배송에 감사하고 안전한 포장에 감탄했어요하나도 문제없이 안전하게 도착해서 11월 친구모임에 즐겁게 한잔 할꺼 같아요
2022-11-20,1,저도주는 유통기한이 짧은걸로 알고있는데1년지난 술이 왔어요
2022-10-14,5,다 먹은 빈 병 사진입니다 깔끔하고 귤맛 조금 나요 막 달달한 음료같진 않고 도수도 좀 있어요
2022-10-26,5,감사합니다 잘 받았습니다
2022-10-25,5,혼디주 워낙 평 좋아서 주문해봅니다
2022-10-28,5,배송이 빠르고 병이 예뻐요
2022-10-18,5,빠른 배송 친절한 상담 너무 예뻐요
2022-10-16,5,잘 받았어요 배송 빨라요
2022-10-17,5,상큼한 귤향이 터져요
2022-10-31,5,배송도 꼼꼼히 잘오고 맛도 좋습니다
2022-09-29,5,지인선물로 보냈습니다지인이 마시고 싶은 술이길래 픽저도 맛이 궁금하네요
2022-10-20,5,달달하니 맛있더라구요
2022-10-06,5,제 입맛엔 약간 도수 센 막걸리 맛이 났어요 술 잘 드시는 분들은 나쁘지 않게 드셨어요
2022-09-24,5,니모메가 더 달달합니다
2022-09-19,5,맛이 궁금했는데 배송도 빠르고 잘먹었어요
2022-09-04,5,디자인이 귀여워서 구매했습니다 ㅋㅋ포장도 꼼꼼해서 깨진 것 하나 없이 도착했어요
2022-10-09,5,선물로 보냈는데 맛있다네요
2022-09-24,5,니모메보단 감귤맛이 더 나네요 깊은맛은 아니고 가볍고 마실수 있는술이에요
2022-10-08,4,숙취도 없고 깔끔해요
2022-09-16,5,선물받아 마셔보고 재구매했어요
2022-09-08,5,늘 애용하는 제품입니다 맛있어요
2022-09-15,5,배송빠르고 잘받았습니다
2022-09-09,5,안먹어봤지만 너무기대돼요
2022-09-27,4,기대되네요맛날듯해요
2022-08-31,5,새콤하니 맛있어서 구매해봤어용
2022-08-23,5,요것은 오묘한 매력있네요ㅋㅋㅋ은근 생각나는ㅋㅋㅋ
2022-08-17,5,일단 마셔보고 생각해볼께요 한군데서 이것저것 살 수 잇어서 좋네여
2022-08-25,4,병이 귀엽우어요 고기랑 술 먹을 때 딱이겟어요요오
2022-08-12,5,귤향이 바로 탁 올라오면서 맛있네요 가볍게 한잔 하기 좋은 술이에요
2022-08-23,5,주문하고 바로 다음날 받았어요
2022-09-13,5,배송빠르고 좋아요 ㅋㅋ
2022-06-12,5,술마켓에서 종류별로 여러개 주문했는데요병이 깨지지는 않을까하는 걱정이 있었는데 박스를 열어보는 순간 기우에 불과하다는 걸 알았습니다꼼꼼하고 안전한 포장 배송 감사드립니다구입한 술 모두 만족스럽습니다좋은 사람들에게 선물도 하고 함께 맛있게 잘 마시겠습니다그리고 우리나라 전통주가 더욱 많은 사랑을 받았으면 좋겠습니다감사합니다 더욱 번창하세요 이 글을 보고 계신 모든 분들도 하시는 일 모두 술 술 잘 풀리길 기원합니다
2022-06-27,5,포장 엄청 꼼꼼하게 해주셔서 다음에도 주문한다면 여기에서 주문하고 싶습니당ㅎㅎ 잘 마셨습니다 병이 예뻐서 고이 모시고 있습니다 감사합니다
2022-08-07,5,아직 안 마셨지만 기대가 됩니다
2022-07-20,5,집들이용으로 구매 아직 먹어보진 못했어요ㅎㅎ 또 사러 올게요
2022-08-08,5,아주맛있었어요 제주의 맛
2022-07-21,5,맛있고 알콜향이 많이 안나요
2022-07-22,5,많이 달지않고 상큼하니 식전주로 좋습니다
2022-07-20,5,맛있게 잘먹었습니다
2022-07-16,5,빠르고안전하게배송되었어요
2022-07-26,5,간만에 들려봤는데 신상품이 나왔네요 맛보려고 구입했습니다
2022-07-31,5,감자술 너무 고소하고 맛있어요
2022-06-28,5,선물용으로 구매했는데 아주 잘 마셨다고하네요 맛있다구 합니다 ㅎㅎ
2022-07-05,5,빠른배송에 잘 도착했네요
2022-07-05,5,파손없이 잘 왔습니다
2022-06-29,5,항상시켜요 좋아요 ㅎㅎ
2022-07-04,5,부드럽고 아주 맛있습니다 ㅎ 집에서 사케 먹는 느낌적인 느낌
2022-06-09,5,시킨것중 제일 낫습니다 다음에 또 구매 예정입니다감사합니다
2022-06-22,5,포장이 잘 되어 왔습니다
2022-06-19,5,음료수같음 맛 짱맛
2022-06-01,5,구매하고 다음날 바로 받을 수 있어서 좋아요
2022-06-24,5,선물했는데 좋아하네요
2022-05-18,5,약간 청하 맛이느껴지네용 생각보다 귤향은 적은데 그래도 맛잇어요적당히 취기와 ㅎㅎ
2022-06-05,5,술 잘받았습니당ㅎㅎ
2022-06-13,5,도수가 낮아서 가볍게 마시기 좋아요
2022-05-19,5,포장깔끔 배송빠름 응대 친절 잘먹겠습니당 ㅎㅎ
2022-06-05,5,여러종류사서 그날그날 기분따라 먹어요자주 애용하겠습니다
2022-05-12,5,아 이거 산술중에서 제일 맛있었어요 향도 좋고 그렇게 세지도 않고 추천드려요
2022-05-20,5,선물로 보냈는데문제없이 잘 도착했고 좋아하셨어요 
2022-06-07,5,여자들이 좋아하네요
2022-05-15,5,향이 좋지만 도수가 쎄서 술맛은 좀 나요 
2022-06-02,4,조금 비싼듯하지만 부드럽고 좋아요
2022-05-19,5,배송 짱꼼꼼하고 술도 맛있어요 제주에서는 햄버거랑 먹었고 이번에는 배송받아서 전골 끓여서 같이 먹었는데 전골이 더 잘어울리는 것 같아요 ㅎㅎ
2022-04-29,5,혼디주 비싸긴한데 맛있어요 저는 니모메 오메기술보다 이게 더 맛있네요 니모메보다 더 상큼합니다
2022-05-28,5,거의 주스처럼 마셨어요 ㅋㅋㅋ 가볍게 먹기 좋네요
2022-05-31,5,제 입맛에 맞는 술이에요
2022-04-20,5,첨엔 술맛안나는데 햇지만 먹다보니 역시 술은 술이구나ㅋㅋ여행가서 마시려고 삿는데 배송 딱 맞춰와서 넘 좋앗어요
2022-05-12,5,알콜향 안나고 깔끔한데 취해요 ㅎㅎㅎ 니모메보다 조금더 단 향이 나는 감귤소주라 좋아요ㅎ
2022-05-17,5,선물했어요 맛있게 마셨다고 합니다
2022-05-31,5,맛잇어요
2022-05-10,5,맛있어요
2022-03-29,5,포장이 안전하게 잘 되어서 왔어요 다음엔 남은 공간이 아깝지 않게 더 많이 주문해야겠습니다혼디주는 12도이지만 거의 술같이 느껴지지 않네용 과일향으로 시작해서 끝은 술 느낌입니다
2022-03-28,5,막걸리소주토닉워터까지 다양하게 시켰는데 배송도 빠르고 포장도 너무 잘되있어요 시킨거 모두 맛있어서 재주문 할려구요 ㅎㅎ 감사합니다
2022-05-09,5,선물로 보낸거예요 패키지도 귀엽고 맛도 좋다고 하십니다
2022-05-19,5,생각보다달지 않습니다
2022-04-08,5,니모메보다 좀더 깔끔한 증류주 맛이에요 향이 좋음
2022-04-06,5,귤향이 좋고 토닉워터에도 좋아요
2022-04-23,5,친구 선물로 샀는데 엄청 좋아해요 ㅎㅎ 뿌듯합니다
2022-04-28,5,잘 받고 맛있게 먹었습니다
2022-04-12,5,아직 먹어보진 못했어요 인터넷으로 구매할수있어서 좋아요
2022-04-22,4,맛있다고 먹다가 큰일날거같아요 ㅋㅋ
2022-03-06,5,배송은 보통 속도로 왔고 포장은 잘 되서 왔어요 행사를 하는 막걸리 구매하면서 다른 막걸리와 술도 구매해 봤어요 행사하던 막걸리는 먹어 보니 맛있었어요 다른것도 맛 있을 듯 요
2022-04-08,4,호랑이로 받고싶엇는ㄷㅔ 그게아쉬웟지만 첨마시는데 넘 맛있엇어용ㅎㅎ
2022-04-20,5,선물용으로 좋아요 ㅎㅎ
2022-04-11,5,맛있습니다 과실주라고 적혀있습니다
2022-03-25,5,또 한번 선물용으로 찾았습니다
2022-04-02,5,친구 선물로 보냈어요너무 달지않아 오히려 좋았다고 합니다
2022-03-18,5,시트러스가 강하진 않고 술맛이랑 조화로워요
2022-03-10,5,친절하시고 가격도착하고 배송도빠르고 꼼꼼해요
2022-03-15,5,너무맛있어서 깜놀 부드럽고 맛있더라구요
2022-03-16,5,감사합니다 번창하세요
2022-03-13,5,선물용으로도 최고입니다
2022-03-13,5,과일주 같이 맛있습니당
2022-02-27,5,평소에 먹던 과일소주들은 정말 별로였네요 깔끔해서 잘 먹었습니다
2022-03-28,5,술마켓 자주 이용합니다 만족
2022-03-24,5,여러가지 전통주 시켜볼수있어서 좋아요
2022-02-26,5,빠른배송 완벽한 포장으로 잘 왔어요 감사합니다
2022-02-16,5,인터넷으로 술을 살수있는지 처음 알앟어요 꼼꼼히 포장되어왔고 맛도 좋았습니다 감사해요
2022-03-06,5,혼디주 기대되요 ㅎㅎ
2022-02-19,5,다양한 술을 한번에 구매할 수 있어 좋아요
2022-02-21,5,와인같다그래서 기대중이에요 맛있음 또 살게여맛없음 한달 후 리뷰에 남길거
2022-03-10,5,좋아요 가격대비 만족합니다
2022-03-16,5,배송빠르고 제품도 만족합니다
2022-02-26,4,시간이 지나고 목어서 그런가 약간 숙성된 맛이었어요 근데 생각한거만큼 음요처럼 맛있게 먹을 느낌은 아니에요
2022-03-01,5,맛잇어요옹 ㅎㅎ히히
2022-03-11,4,청주맛이 강하며 생각보다 과일의 맛과 향이 부족합니다
2022-02-15,5,맛있고 선물용으로도 너무 좋아요
2022-03-16,5,가볍게 마실 수 있는 술이에요
2022-03-30,5,빠른배송 감사합니다 감사합니다 
2022-02-19,5,집들이용으로 샀습니다 기대됩니다
2022-02-15,5,선물용으로 구매했는데 반응이 좋아요
2022-03-08,4,생각보다 시트러스 향이 덜나는거같아요잘마셨습니다
2022-02-19,5,이 술은 처음 구매해 보았는데 맛있겠지요
2022-03-13,4,부드럽고 드라이한 와인 느낌
2022-03-10,5,맛잇어요소주느낌은아닌듯
2022-02-19,4,처음 구매해봤어영맛이 어떨지 궁금 ㅎㅎ
2022-02-18,4,빠르게 배송이 와서 좋네요
2022-03-08,5,배송이 아주 꼼꼼하게 왔습니다
2022-03-05,5,배송도 빠르고 술도 맛있고 좋아유
2022-03-05,5,잘 받았습니다 감사합니다
2022-02-03,5,마켓에서 여러 종류 사서 먹어봤어요깔끔하니 맛나네요재구매 갑니다
2022-03-01,5,진짜 부드러운 맛입니다 어른들이 좋아하셨어요
2022-02-12,5,친구한테 선물했습니다
2022-02-21,3,약간유자맛 나는화이트 와인같은 맛많이 달지도 않고그냥 약간 닝닝한그래도 맛나요
2022-02-03,4,호랑이 그려진 새해 에디션이 안 오고 일반 라벨로 와서 아쉽네요 아직 먹어보지는 않았지만 생각했던 거보다 포장이 깔끔하고 안전하게 돼있어서 만족스러웠습니다
2022-01-30,4,예상했던 맛이고 맛이 괜찮긴 하지만 가격대비 좋다고 하긴 어려운 느낌이네요
2022-02-16,5,유명해서 주문해봤어요 선물로 산거라 맛을 못봤는데 맛있다고 하네요
2022-01-27,5,와우기다렸어요뛰는놈위에 노는놈 보다가 지역술 구입한건데 맛있게 먹을게요
2022-02-03,5,많이 안달고 향이 좋아요
2022-01-23,5,맛이  달달하면서 맛있네요   생각보다는 귤맛은 아닌거 같아요 
2022-01-29,5,니모메랑 비슷한맛일줄 알았는데 이게 더 달아서 맛있어요 ㅋ
2022-01-30,5,부담없이 가볍게 마시는 샴페인과 같은 맛나는 술 음료
2022-01-27,5,만족합니다색 그리고 포장도 너무 마음에듭니다
2022-02-04,5,꺄지지않고 잘왔어용
2022-02-13,5,단맛이 적고 생각보다는 알콜향이 쎄요 그치만 상큼하고 도수가 쎄지 않아서 가볍게 즐기기 좋았습니다
2022-02-16,5,다른 술들과 함께 여러병을 사서 아직 안먹어봤는데 기대되네요
2022-02-18,3,요번꺼는 더 시큼하게 온거 같아용
2022-01-18,5,말해 뭐 함 혼디주는 걍 전통주 레전드 별로 안 달고 새콤하고 맛있음 뭐든 어울림
2022-01-22,5,맛도 좋고 배송도 빠르고 아주 굿입니다
2022-01-24,5,상큼하고 제일 좋았어요
2021-12-29,5,애주가인 친구 생일이라무슨 선물을 주면 좋을지 계속 고민하다가술마켓에서 다양한 종류의 술을 구매해서보내줬는데 센스 있다는 소리 들었자나용술마켓 감사합니당
2022-01-14,5,제주도에서 혼자 먹고 맛있어서 서울에서 시켜서 잘 먹었어요
2022-01-07,5,병이 정말 이쁘네요 맛도 좋을 것 같고 와이프가 더 좋아할 것 같네요
2021-12-01,5,캠핑을 즐겨 다니는 사람인데요최근에 술마켓에서 전통주들을 골라서 사먹는데 재미가 들려서 여러제품들 구매해봤어요혼디주는 감귤 발효주로 달콤 쌉쌀한 맛이 아주 일품이더라구요 마냥 달지만은 않고 주정의 맛도 충분히 느낄 수 있어서 만족스러웠습니다 ㅎㅎ음식은 너무 자극적이지 않은 마른안주나 고기류와 곁들이면 아주 잘어울릴 것 같아요 추천드립니다 ㅎㅎ
2022-01-17,5,전통주 마실수록 너무 매력적인거 같습니다다음에 어떤걸 마셔볼까 늘 행복한 고민을 하네요감사합니다
2021-12-25,5,알콜도수가 생각보다 낮지 않아서 놀랐는데 맛잇어요 약간 청하느낌도 있는것같아요
2022-01-28,5,포장 잘 되어서 왔고 술도 아주 맛있었습니다
2022-01-02,5,두번째 주문해서 연말에 또 마셨네요ㅎㅎ다들 맛잇다고 햇습니다
2022-01-11,5,지난 추석때 선물로 받고 반해서 종종 구매하는 제품이에요 향긋한 정종 느낌이라 혼술로 기분내기 딱 좋아요
2022-01-20,5,맛있어요 다음에 또 구매할 예정
2022-01-26,5,디자인이 귀엽게 바뀌었네요
2022-01-28,5,많이 쓰지않고 마시기 적당합니다 굳
2022-01-03,5,배송도 빠르고 맛있어요
2021-12-06,5,과일소주 이런거 그닥 안 좋아하는데 이건 은은하게 감도는 감귤향이 좋네요주문한 술 중 가장 가벼웠던거 같아요가볍게 마시는 와인처럼 그런 용도로 먹음 좋을거 같아요마실 때 같이 먹는 안주와 함께 사진 찍어서 후기 올릴려고 지금껏 안썼는데 마실 때는 완전 잊고 홀짝홀짝 마셔버렸네요
2022-01-21,5,저는 괜찮았는데 같이 먹은 친구 입에는 안맞았대요
2022-01-22,3,정종을 별로 좋아하지 않는데 약간 그런맛이네요
2022-01-01,5,좋은 제품 저렴하게 잘 구매했습니다
2021-12-22,5,크리스마스에 먹으려고 아직 안먹었지만 포장 꼼꼼하고 배송 빨라서 좋아여
2022-01-19,5,배송 빠르고 안전하게 받았습니다
2021-12-15,5,혹시 독일의 사과와인 드셔보셨나요완전 비슷해요 10년만에 한국의 아펠바인을 발견했네요 맛있어요
2022-01-03,4,음 뭔가 감귤이 함유되었다고 하는데 감귤보다는 뭔가 청하느낌이 났네요 그런데 맛은 괜찮았습니다
2021-12-22,4,아직 먹어보진 않았는데 주말에 먹어볼게요 ㅋ 기대되네요
2022-01-15,5,맛도좋고 자주시킬것같아요
2022-01-05,5,친구 선물로 줬는데 좋아했어요 만족합니다
2022-01-11,5,귤향이 향기롭게 맴도는 맛있는 맛이라고 하네요
2022-01-10,5,좋아요좋아요좋아요좋아요
2021-12-24,5,너무좋아요
2021-12-18,5,달지않고 맛있어요 한병더시킬걸 후회되요
2022-01-13,4,맛있는데 좀 많이 단편이에요
2022-01-13,5,겁나 맛있게 잘 먹었습니당
2021-12-07,5,지인 선물로 구입했는데 좋아해서 다행이에요 ㅋㅋ포장도 잘 되어 오네요
2022-01-07,5,맛있어요다음에 또 살게요
2021-12-20,5,아직 먹어보지는 않았지만 맛있을것같아요
2021-12-20,5,가볍고 상큼하게 맛있네요
2021-12-17,5,술마켓에서 먹는술들다 넘 마싯고좋아용
2022-01-07,5,배송이 꼼꼼합니다
2021-12-13,3,뭐 그냥 한번 맛보기에는 저당한듯 합니다
2022-01-08,5,포장 불량이 있었어요
2021-12-04,5,제주 감귤로 만든 술이다 보니 특유의 씨트러스함과 맛이 조화롭고 부드러워서 좋았어요  
2021-12-02,5,배송은 완벽하게 왔어요종종 구입중인데 만족합니다
2021-12-29,5,맛있는데 제 취향은 아니었어요
2022-01-10,5,잘먹을게요
2022-01-02,5,감귤이라 너무 좋아요
2021-12-06,5,토닉워터랑 섞어먹으니까 맛있었어요
2021-12-08,4,목넘김도 괜찮고 맛있어요
2021-12-13,3,후기 좋아서 사봤어요 저는 너무 너무 너무 달아요 ㅠㅠ단 술 싫어하시는 분들은 안좋아하실듯 적당히 단맛이 아니라 심하게 달아요
2021-12-06,4,상큼하고 과일 맥주 좋아하면 구세
2021-12-21,5,너무 맛있어서 재구매 의사있습니다
2021-12-22,5,배송빠르고 만족합니다
2021-12-01,5,제주도에서 먹어보고 직접 구매했습니다
2021-12-15,5,맛있어서 넘 좋아요
2021-12-17,5,포장상태도 좋고 맛도 좋습니다
2021-11-17,5,13병사서 아직 모두를 먹어보진 못했는데 평가를 하래요ㅠ 당연히 맛있겟죠
2021-11-15,5,혼디주 워낙 유명해서 구매했습니다 맛있으면 또 재구매 할게요
2021-11-21,5,저번에 구매후 맛보고 온가족이 반해 또 구매합니다
2021-11-16,5,배달도 빠르고 포장도 꼼꼼하고 부드럽고 맛 있어요
2021-12-14,5,상큼하고 정말 맛있어요
2021-12-16,5,매번 이용중 나이스
2021-12-04,5,맛 좋아요 만족합니다
2021-11-21,5,맛이 긍금해서 구매햌ㅅ어요
2021-11-22,5,너무 맛있어요 여러병 살걸 그랬어요 ㅠㅠ 담에 또 사러 올게요
2021-10-26,5,입맛 다시며 한동안 관상용으로 둘듯ㅠ신랑 2차 접종 2주뒤쯤 부어라 마셔라 기대 중입니다ㅎ
2021-11-01,5,향이 좋고 맛있어서 술 잘 못하는 사람들도 맛있게 잘 먹었습니다
2021-10-20,5,다른곳에서 맛보고 맛있어서 주문했어요근데 그때보다 귤향이 덜하고 술맛이 강하게 느껴지는건 기분탓이겠죠 맛있게 먹겠습니다
2021-12-06,5,상큼해요 먹기좋음ㅎㅎ
2021-11-15,5,진짜 맛있어요 상 받았다더니 그럴만 하더라구요 같이 먹은 친구들도 다 맛있다고 하더라구요
2021-11-10,5,진짜 기다리던술고마워요
2021-11-05,5,너무 맛있어요  샴페인 느낌
2021-10-27,5,포장도 너무 안전하게 왔고 밤막걸리 너무 맛있어요종류대로 마셔볼 생각에 설렙니다
2021-11-07,5,다음주 여행갈때 먹으려고 사봤어요
2021-11-26,5,먹을 날을 기대하고 있습니다
2021-11-16,5,약간 신 쪽에 더 가까운 맛이에요 제 입맛에 맛있다고는 표현 못 하겠지만 그냥 과일주가 제 취향에 안 맞을 뿐인 걸로
2021-10-24,5,향이 정말 좋았구요 도수가 높은데도 참 맛있네요
2021-11-23,5,귤주는 역시 마시기 편하고 좋네요
2021-10-24,4,동일한 구매입니다 마셔보고 만족하여 선물용으로 구매했어요
2021-11-04,5,아직 맛보진 않았는데 기대됩니다
2021-10-21,4,선물로 줬는데 엄청 만족하네요 재구매합니다
2021-11-06,5,복분자주가 정말 맛있어요다 먹으면 또 구매할거에요
2021-11-12,5,맛있습니당 또 주문할거에요
2021-10-30,5,아직 안목오봣지먼 기대 돱니다
2021-11-15,5,진짜 먹어 본 술 중에 제일 맛있어요
2021-11-20,1,달지않고 드라이했다면
2021-11-06,4,너무나 다양한 술이 좋아요 포장만 좀 더 잘되면 좋겠네요
2021-10-17,5,와우 우와좋은 사람들과 함께하는 시간 최고의 맛 최고의 분위기를 만들어 주네요
2021-11-12,5,향긋하고 좋아요 기분좋아지는술맛
2021-10-19,5,좋아요ㅎㅎ여러종류시킬수있어요
2021-11-15,5,부드럽고 좋은 제품
2021-10-28,5,제주도에서 사먹어보고 맛있어서 주문했어용가격도 착하고 배송빨라요 
2021-11-08,5,깨지지않게 꼼꼼하게 잘포장되어 배달 왔어요
2021-10-14,5,귤맛나고 맛있어요 재구매할려구요
2021-11-10,5,맛있어서 재주문했어요
2021-10-03,5,배송도 빠르고 꼼꼼히 보내주셨어요 나중에 다 마셔보고 추가로 리뷰 써야겠어요
2021-11-04,5,배송도 빠르고  안전하게왔어요
2021-10-05,4,백스피릿에서 전통주 칵테일 보고 혼디주 주문했어요 맛이 궁금했거든요 먹을만하네요
2021-10-08,5,제주도에서 맛있게 먹고 구매했습니다 엄청 고민하다가 2병 시킨건데 넘 금방 먹어버렸어요  향이 은은하게 느껴지고 끝맛이 깔끔해서 먹기 편하고 좋아요
2021-10-02,5,상큼해서 식전주로 마시면 입맛 당길것같아요 아님 달달한 디저트랑 마셔도 좋을것같아요
2021-10-02,5,맛있어요 알콜에 약하신분도 거부감 없이 잘 드시더라구요
2021-10-31,5,생각보다 평범한 맛이에요
2021-10-27,4,포장잘되서오네요 많이파세요
2021-10-17,5,술을 잘 먹진 못하지만 혼디주는 부드럽고 은은하게 귤향이 나서 먹기가 더 좋아요ㅋㅋ
2021-10-06,5,빠른 배송 감사합니다
2021-11-05,5,맛있어요 
2021-10-18,3,놀러가서 먹을려고 시켰어요  맛이 기대 됩니당
2021-09-21,5,청주나 사케랑 비슷한데 약간 더 달고 산미가 잇어요귤느낌은 잘 안 납니다
2021-10-02,5,아직 시음 전인데 귤향이 너무 기대되네요
2021-09-09,5,처음에는 청주처럼 깔끔한 맛이 나는 듯 했는데머다보니 새콤한 맛이 나서 좋더라고요제주에서 연구한 우리 술이 이렇게 맛있네요잘 먹겠습니다
2021-09-30,5,제주도에서 먹고 반해서 주문했어요
2021-10-02,5,제주갔다오면서 동문시장에서 사려다가 안그래도 짐 많은데 너무 무거워서ㅠㅠ인터넷 찾아봤는데 바로 있길래ㅋㅋㅋ인터넷주문했습니당 ㅋㅋㅋ 꿀
2021-10-12,4,배송도 빠르고 맛있어서 좋습니다
2021-10-10,5,아주 맛이좋아요 다음에도
2021-10-16,5,맛잇어용 귤향이 은근히나면서 ㅎㅎ
2021-08-07,5,전통주가 생각날때 종종 이용하는 곳이에요 입에 맞는 술도 찾아서 늘 찾는것만 찾다가 이번에 만월이랑 려는 처음 시켜봤는데 아직 마셔보진 못했네요 항상 배송을 너무 꼼꼼하게 해주셔서 너무 좋아요 근데 제가 주문할때 똑바로 못보고 려를 70ML 미니어쳐로 주문을 넣었는데 375ML가 와서 이게 사장님께서 그냥 챙겨주신건지 긴가민가 해서 술을 따지는 않았거든요 사장님께서 잘못 보내신거라면 추가 금액을 입금하고 싶은데 혹시 확인하시면 답변 부탁드리겠습니다
2021-10-13,5,맛있을거 같아서 시켜봅니다
2021-10-13,5,맛있고 좋아요
2021-10-12,5,맛이 좋았습니다ㅎㅎ
2021-09-04,5,제주도술이라 기대했는데 맛은 있었으나 취향은 아니더라구여 목넘김 깔끔합니다
2021-10-08,4,백스피릿보고주문해봤어요
2021-08-30,5,아직 마시기 전이지만 기대 많이 되네요 새로운 술 하나씩 마시는 재미가 있어요
2021-09-13,5,총 7개 한번에 시켰고 급하게 주문한감이 없지않아 있어서 도착 걱정했는데 배송도 빠르고 꼼꼼하게 포장해주셔서 좋은시간 보낼수 있었습니다
2021-08-17,5,병도 이쁘고 이름도 이뻐서 주문했어요감귤향은 거의 안나는거 같고 목넘김부드럽네요등갈비하고 같이 마셨답니다
2021-09-27,5,배송도 빠르고 맛있네요
2021-09-03,4,티비서 보고구매햇는데 생각했던맛은 아니지만 맛있어요
2021-09-05,5,독특한 술이라서 구매해봤어요마셔보고 맛있으면 재구매할게요
2021-09-21,5,전 소주향이 별로 안나는 술을 좋아하는데 이 술은 귤향이 맴돌고 살짝 달짝지근해서 좋았어요
2021-09-13,4,우선 병이 예뿌공제주술이고 병색을 보고 상큼할것같지만약간 강쇠술이랑 비슷한것같은 아닌것같은 비슷한 그래도 괜춘했어용
2021-08-31,5,좋아하는술인데 온라인에서도 구매할수있어서 좋아요
2021-08-22,4,알콜 도수가 강하지 않아서 가볍게 마시기 좋아요알쓰여도 이건 너무맛있게 마셨답니다
2021-08-25,5,아직 안먹어봤는데 배송빨라요 생각보다 커요
2021-09-06,5,우도주막보다가 맛이 궁금해서 시켜봤어요
2021-09-27,5,첫맛은 뭐지 싶지만 뒷맛이 매우 향이 잘올라옴
2021-09-27,5,제가 좋아하는 혼디주 입니다
2021-08-28,3,귤맛이  많이 느껴지진  않네요한번 먹어 볼만 한거  같아요
2021-09-06,5,감귤향이 나지만 달지않고 독하지않으면서 꽤 맛이 괜찮더라구요가격이 좀 비싸서 자주 마시진 못하겠지만 재구매하려구용
2021-08-29,5,아직 시음 전이지만 맛있을거 같은 느낌ㅋ 배송은 만족
2021-09-01,5,오마나세상에아침부터 기분이좋네오
2021-08-18,5,하루만에배송왔고 꼼꼼하게 깨진거없이이쁘게 싸여와써요 막걸리는 아이스팩넣고포장해주셔서 시원하게왔어요술성공
2021-08-26,5,배송빠르고 화이트와인처럼 부드럽고 맛있습니다
2021-08-06,5,제주도 여행에서 처음 만난 그 맛을 잊지 못해 주문했네요 여러군데 찾아봐도 3만원 넘어 무료배송해주는데는 여기가 유일하네요 둘러보니 다른  전통주들도 많고 여러가지 배달해 먹고 싶네요
2021-09-01,5,감귤향 안 난다는 리뷰가 많아서 기대 안 하고 마셨는데 은은하게 납니다 술이 새콤해서 맛있었어요
2021-08-20,5,기대한 것보다 맛있었어요ㅋ
2021-09-07,5,은은하지만 귤향도 좀 나고 맛있었어요
2021-08-13,5,배송도 너무 꼼꼼하게 보내주시구 아직 마셔보지는 못했었요
2021-08-14,5,처음에 귤향이 살짝 나는데 뒷맛은 술맛이 세게 나네요 같이 먹는 사람은 맛있다더라고요
2021-08-03,5,너무 맛있어보이고 궁금해서 샀어용 아직 먹어보지 못한게 아쉬워요ㅠㅠ 얼른 먹어보고 한달후기에 쓸게요
2021-09-02,4,제주 전통주는 처음이었는데 제 입엔 딱 맛있고 좋았습니다
2021-08-28,5,너무 맛잇어요 최고입니다ㅎㅎ만족합니다
2021-09-06,5,와인 같은 느낌이에요
2021-08-10,5,잘먹을게요 감사합니다
2021-08-09,5,가벼운 바디감이랑 잘 어울리는 향이네요
2021-08-28,5,하이볼처럼 마셨는데 맛있어요
2021-07-25,5,귤향도 나면서 정종느낌도 나더라고요 많이파세요
2021-08-23,5,배송이 빠르고 맛있어요
2021-08-22,5,선물로 드렸는데 좋아하시네요
2021-07-31,5,빠른 배송 잘 받았습니다
2021-07-16,5,조만간 친구와 먹으려고 구매했어요맛이 어떨지 너무 궁금하네요
2021-06-29,5,다 맛있어보여서 고르고 골라 일단 10종류 주문했어요깨진거 없이 다 무사히 도착했어요얼른 맛보고 싶네요맛있길 바라며얼른 마시고 또 주문할게요
2021-07-06,4,니모메보다 도수가 좀 더 높아서 그런지 알콜맛이 더 났어요 그래도 상큼 시원하게 귤피향이 가득한 술이네요
2021-05-31,5,상큼하고 맛있어요 목넘김도 부드럽고술 그 알콜향 그게 싫어서 안먹고 못먹는데 이건 그런게 없어요 너무 좋았어요 부드럽게 적당히 알딸딸하게 취할수 있어요머리도 안아팠어요일반 소주말고 이런 술들도 좀더 많이 대중화되서 가격도 더 싸지면 좋겠네요
2021-07-10,5,정말 맛있고 꼼꼼하게 포장해 주셨어요ㅎ
2021-07-29,5,만족합니다 ㅎㅎ 감사합니다
2021-07-31,4,부드러운 화이트와인을 먹는느낌이였어요
2021-08-03,5,적당히 달달하고 맛있어욜
2021-06-25,5,지인들과 함께 마시려고 사느라 아직 못마셨는데 병도 예쁘고 술 색도 왜케 예쁘나요 ㅠㅠ 마시고 한달리뷰에서 맛평가도 남길게요
2021-07-29,5,향이 상큼하고 맛있었습니다
2021-06-30,3,여기저기서 추천받았던 술인데 같이 산 다른 감귤술하고 비슷한 정도라 아쉬워요ㅠㅠ
2021-06-19,4,향긋 하고 목넘김이 부드럽고 좋아요그냥마셔도 좋고 얼음과 함께 마셔도 좋아요
2021-06-11,5,이거 토닉워터랑 먹으면 끝내줘요 그리고 고기랑먹어도 맛있고ㅠㅠ 단독으로 가벼운 안주랑 먹어도 깔끔하고 향도좋아요ㅠㅠ
2021-06-24,5,여러개 구매했는데도 포장이 아주 잘되어 있어요 하나씩 먹어보고 후기 다시 남기겠습니다
2021-06-17,5,추천받아서 샀는데 아직 마셔보진 못했어요 상큼한 청주느낌이라던데 기대되네요ㅎ
2021-06-26,4,마실만합니다 생각보다 도수가 높지만요
2021-07-16,5,배송도 빠르고 꼼꼼하게 잘 포장되서 왔어요
2021-07-23,5,향기롭고 맛잇어용 굳
2021-06-22,5,단맛이 약간 인공적이긴 하지만 진짜 맛있어요
2021-07-05,3,깊은 술향보다는 가벼운 음료수 느낌이에요 여름에 가볍게 마시기 좋습니다
2021-05-27,5,향이 생각보다 강해서 깜짝 놀랐는데 맛은 달달구리하고 맛있어요 캠핑가서 바베큐 준비하면서 식전주로 홀짝홀짝 마시기 딱 좋습니당ㅎㅎ 부담도 없고 다음에 또 주문하려구요 ㅎㅎ
2021-06-26,5,아직 안마셔 봤지만 좋을듯요
2021-06-11,5,예쁘고 맛있는술을 좋아해서 구매해봤어요유자주는 먹어봤는데 귤은 처음이라 두근두근
2021-06-28,3,너무 기대를 해서 그럴까요 재구매하는 일은 없을 것 같아요ㅠㅜㅠ 개인적인 취향에 맞지 않아서 인 듯 합니다 아쉬워요
2021-06-20,5,두 병 째 먹네요 향긋해서 좋아요
2021-06-16,5,아직 먹진 않았는데 어제 주문 오늘 배송완료되어 만족해요
2021-07-18,5,맛잇게 잘 마셨어요ㅎㅎㅎ
2021-06-16,5,여러가지 종류로 다양하게 맛 보게 되서 좋아요
2021-07-06,5,목넘김도 좋고 배송도 빠르고 맘에 들어요
2021-07-04,5,배송상태 좋구 빨라서 좋아요
2021-06-11,5,은은하게 달고 향이 조아요 ㅎㅎ
2021-06-28,5,감귤맛나고 너무 맛있어요
2021-06-25,5,선물로 줬는데 받은 사람이 다행히 좋아하네요
2021-06-28,5,선물했어요 좋아하네요
2021-06-07,5,다양한 전통주 쉽게 구할수잇어서 좋네요 ㅎㅎ
2021-05-27,5,혼디주는 그전에도 먹어봤는데 새콤하니 맛있어서 늘 쟁여두고 있어요ㅎㅎ
2021-06-02,5,배송도 빠르고 좋습니다
2021-06-16,5,3병 시켰는데 박스가 엄청 커서 놀랬습니다 배송 빠르고 좋네요
2021-06-16,5,아직 먹진 않았지만 예전부터 먹고싶었던거라 기대돼요
2021-05-16,5,지인 추천으로 사게 된 곳 인데 너무너무 좋아요 어여 다 맛보고 또 시키러 올게요ㅎㅎ
2021-05-13,4,혼디주 만든 주조회사에서 생산한 귀감을 마시고 괜찮았던 기억이 있어서 주문했습니다 잘마시겠습니다
2021-06-12,5,신례명주찾다가 접했는데 역시 향이다했다
2021-06-12,4,향은 은은하게 나는게 좋네요
2021-05-12,5,5병만 주문 했는데도 꼼꼼 포장 좋아요
2021-06-07,5,맛있습니다 또 시켜먹고싶어여
2021-05-05,5,몇개 시켜보았어요 잘먹을게요 포장 꼼꼼하고 빨라서 종종 시키려고 해요
2021-05-05,5,상콤하고 너무 맛있어요포장도 배송도 좋아요
2021-03-31,5,예전에 한번 먹고 반해서 또 시킴깔끔하게 마시기 좋은 식전주 느낌그래서 집들이할때 친구들이랑 나눠마셨는데 다들 맛있다고 칭찬해줌알콜향은 강하지 않고 귤 향이 은은하게 남 깔끔하면서 드라이한 화이트와인 느낌 아무튼 다음에 또 구매할 예정
2021-05-11,5,포장도 아주 꼼꼼하고 안전하게 왔습니다 여러가지를 시켜서 다먹어보지는 못했지만 생각한 그런맛이내요 나머지도 잘 마실게요
2021-04-23,5,포장이 과하지 않고 좋네요술마켓 처음 시켜보는데 마셔보고 더 사야겠어요
2021-05-15,5,맛있어요 ㅠㅠ술 맛 많이 안나고 가볍게 마시기에 적당히 달달하고 좋아요
2021-05-26,3,괜찮아서 여러개사서 친정에도 두고 집에도둿어요
2021-04-22,5,달달하고 상큼한 것들로만 골라봤어요 한동안 든든하게 마실 것 같습니다
2021-05-26,3,맛있지만 비싸서 재구매능
2021-05-04,5,빠른 배송 감사합니다 선물하기 좋아요
2021-04-30,5,귤향이 은은하게 납니다
2021-04-08,5,혼디주만 마셔봤어요처음에는 음맛있는건가했는데한잔씩 마실수록 괜찮은데 싶다가금방 빈병됩니다ㅋㅋㅋ
2021-04-22,4,양이적지만 맛있네용
2021-04-07,5,향긋합니다 토닉워터랑 섞어 마셨고역시나 향이 있는 거지 단맛자체를 기대하면 안될 것 같아요 향긋한 술 좋습니다
2021-05-11,3,기대가 넘 커서 좀 실망했어요 ㅠㅠ
2021-05-11,4,선물용으로 사서 선물 잘 했습니당
2021-04-16,5,병도 이쁘고 맛도 좋아요
2021-04-11,5,선물용으로 샀습니다 매우 만족해요
2021-04-19,5,귤맛의 단맛이 조금 나도 끝에 신맛이나요향은 청주막걸리 투명한 윗부분 냄새나요 상큼하고 맛있었어요
2021-04-11,5,백종원님 믿고 사봅니다ㅋㅋ 기대되네요
2021-04-11,4,식전주로 준비했는데 맛좋아요 ㅎㅎ
2021-05-02,5,꼼꼼한 포장 감사드립니다
2021-04-25,5,오화이트와인 맛이에요 덕분에 좋은 시간 보냈습니다
2021-04-16,5,생각보다 술맛이 많이 났는데 상큼한 맛이 은은하게 나서 깔끔하고 맛있었어요
2021-04-08,5,목넘김이 좋아요 청주 사케  같은 느낌이네요깔끔하니 좋네요
2021-04-23,3,좀비싸지만 맛잇아요
2021-03-04,5,감칠맛 나는 식전주로 괜찮은 것 같아요 제 입맛에 맞네요
2021-02-26,4,포장도 종이로 칸막이 나눠서 안깨지고 잘 왔어요 빨리 도착한건 아니지만 유린데도 잘 와서 마음에 들어요 혼디주만 마셔봤는데 부드럽네요근데 혼디주는 마트가 훨씬 싸네요 괜히 인터넷으로 주문했어요
2021-04-06,5,달달하니 맛있어요 ㅎㅎ 재구매의사있어요
2021-04-11,5,향이 정말 좋습니다
2021-04-05,5,포장 꼼꼼하게 되어왔고 배송도 빨랐어요
2021-03-10,5,엄청 상큼하고 맛있는데 도수가 꽤 높아서 적당히 취기도 오르고 좋네요 ㅎㅎ
2021-04-03,4,맛잇어요 비싼게흠이지만ㅋㅋ
2021-04-09,5,회에 어울려요 상큼해요
2021-04-03,5,귤향이 맛있어요
2021-03-09,5,이제서야 먹어봤습니다 끝맛이 약간의 신맛이 나면서 귤향이 나요 저는 맛있게 잘 먹었습니다
2021-02-20,5,포장 정말 꼼꼼하게 싸져서 왔어요 깔끔하고 상큼하게 맛있네요ㅎㅎ
2021-02-27,5,빠른배송에 잘받았습니다
2021-04-07,5,좋아요좋아요좋아요
2021-02-09,4,약한 도수에 감귤향이 돌아서 순간 음료수 인줄 알았어요부드럽고 맛있게 잘 먹었습니다
2021-02-20,5,달고 맛있다고 후기가 좋아서 샀어요
2021-03-10,5,생각보다 향이 진하지않아 좋았어요
2021-02-08,5,선물을 위해서 샀어요 포장도 깔끔하고 빨리왔네요
2021-03-09,5,깔끔하고 목넘김이 좋습니다
2021-03-06,5,배송 빠르고 좋아요
2021-02-22,3,생각보다 향이 약해요니모메가 더 나은듯
2021-02-23,5,하나는 선물하고 하나는 제가 먹으려구용꼼꼼하게 포장되어 와서 기스도 안나서 왔어요 감사해용
2021-01-21,5,처음 먹어봤는데 부드럽고 맛있어요 과일 맛이 더 많이 나서 쓰지 않고 아주 좋아요
2021-02-09,4,먹어보면 정말 귤류 만들었네 하실거에요ㅎㅎㅎ
2021-02-28,5,좋아요 아주 좋아요
2021-02-01,5,잘먹었습니다 포장도 꼼꼼히와요
2021-02-06,5,포장이 엄청 꼼꼼해여
2021-01-23,5,배송이 꼼꼼하고 안전하게 와서 좋았습니다 아직 마시진 않았지만 맛있을 것 같아요
2021-01-25,5,귤술 궁금해서 사봤어요 부모님 댁에 보내드렸는데 명절에 같이 마시려고 합니다
2021-01-31,5,아직 안먹어봤지만 리뷰 미리 씁니당
2021-02-23,5,부족함이 없어서 별 드립니다
2021-02-02,5,한 사람이 각각 다른 시기 다른 사람이 주문한 혼디주를 먹어봤는데제가 구매한 것과 다르게 다른 사람의 혼디주는 달고 맛있었다고 하네요저도 그 달큰하고 묘한 맛이 어떤 걸지 정말 궁금합니다 ㅜㅜ
2021-02-05,5,첨에 그냥 먹다가 토닉워터에타먹었는데 엄청맛있더라구요 타먹으니까 더 많은양을 먹을수있어요
2020-12-19,5,우연히 이마트에서 사다 먹어보고 구매했어요너무 달지도 쓰지도 않고 끝에 귤껍질향이 나는게 소주는 알콜냄새나서 힘들고 맥주는 겨울에 너무 차가운 저에게 딱입니다베스트 페어링은 역시 회 같은 해산물입니다포장도 처음에 종이박스라 좀 놀랐는데 위아래 스티로폼에 칸칸이 골판지 넣어서 꼼꼼히 해주셨어요 골고루 먹어보고 하나씩 후기 올릴게요
2021-02-09,5,맛있어요 다음에 3병 사려고요 존맛탱 ㅠㅠㅠ제주술대부분 맛잇는듯
2020-12-30,5,맛은 없지 않지만 제가 소화하기엔 쉽지 않았습니다 ㅎ 좋은 배송 감사합니다 
2020-12-05,5,혼디주는 솔직히 아주 맛있다긴 어렵네요 ㅎㅎ하도 시중에 맛과 향을 달디달게 첨가한 과실주가 많아서ㅋㅋ 그런 과실주는 입에도 안대는데 얘는 제법 술같아서 금새 한병 비웠습니다청주라고 들었는데 그래서인지 알콜향이 좀 강하게 맴돌아서 알쓰분들에겐 추천 못할 거 같아요ㅠㅋㅋ제주 감귤농가들 응원하는 마음으로 샀습니다
2020-12-28,5,처음 받았을때 깨져서 다시 재배송 받았습니다 두번째는 좀더 안전하고 꼼꼼하게 보내주셔서 좋았네요 술도 맛있고
2021-01-27,5,달콤하고 마시기 쉬운 술
2021-02-06,5,너무 맛있았어요 또 주문할께요
2021-02-06,5,친구선물이었는데 좋아했어요
2021-01-04,4,전통주라 일단 좋았습니다 요즘 제철인 귤이랑같이넣어서 마시니 분위기랑 좋습다
2021-01-04,5,많이시켜서 가족들과 이것저것먹어봤어요귀감만큼맛있는건없지만 이것도 좋네요
2020-12-24,5,다른 여러 술이랑 같이 구매했습니다 포장은 튼튼하게 잘 왔어요 끝맛이 새콤한 편입니다
2020-12-31,5,좋은날 먹으려고 포장도 안깠습니다배송도 엄청 빠르고 포장도 꼼꼼해서 파손걱정없어요
2021-01-03,4,와인먹는것 같았어요 과즙맛과 향이 잘 느껴졌어요
2021-01-17,5,여자친구가 엄청 좋아하네요 다음에도 또 주문할게요
2021-01-17,5,너무 맛있네요 가격도 저렴하구요
2020-12-06,5,회랑 먹어봤는데 정말 맛있었어요 부드럽고 살짝 상큼한 느낌이에요 ㅎㅎ 귤향이 세지는 않은데 그래도 인공적인 향 없이 딱 좋은 느낌이에요 ㅎㅎ
2021-01-19,4,달달할줄 알았는데 드라이하고 깔끔해요
2020-12-15,4,포장이 너무 과대포장이에요 타 업체 배달방법 보시고 바꾸시는게 좋겠어요 어차피 병으로 택배하셔야 하자나요 뽁뽁이를 얼른 바꾸시길 바라요
2021-01-02,5,마시기 쉽고 맛있어요
2020-12-10,5,술 잘 못하는 사람도 맛있게 먹을 수 있을 것 같은 맛이랄까 향도 넘 좋고 가볍게 마시기 좋아요 재구매 예정입니다
2020-12-19,4,맛이 그냥 그래요 저한테는 귤로 만든 술은 잘 안 맞는거 같네요
2021-01-19,5,처음 마셔보는데 괜찮습니다
2020-12-23,5,최고 맛있음 ㅠㅠ 제주도가 입안에 느껴짐
2020-12-11,5,기사보다 알게되어 사봤는데 앞으로 여기서 자주 구매할게요 주변에 살데가 없는데 인터넷 주문 되니까 너무 편하고 좋아요
2020-12-18,3,하핫가성비가 좋은지는 잘모르겟아요그냥 제 입맛에만 그런걸수도 잇지만 ㅎㅎ
2020-12-29,5,직 먹어보진않았어요연말에 먹으려구요기대되네요
2020-12-23,5,진열장에 넣어둬서 아직 맛은 워낙 맛있다고 추천받은 제품들로 구입했어요
2020-12-07,5,선물용으로 구입했어요  크로플이랑 냠냠
2021-01-04,4,굉장히 상큼한 맛이 나네요신맛을 많이 좋아하진 않아서 제 스타일은 아니었어요
2021-01-16,5,향이 좋은 편입니다
2020-12-18,5,먹어보고 다시 한달 후기 기대할게요 궁금해지는 맛이네요
2021-01-05,5,화이트 와인 같아요 여성분들이 좋아할만한 맛입니당
2020-12-02,5,아직안먹어봤어요 후기가 좋아서 기대해봅니당포장 꼼꼼히 와서 파손없이 잘 받았어요
2021-01-04,5,제주도에서 사올때만 먹어봤었는데 인터넷에서도 시킬수있어서 좋아요
2020-12-19,5,아직 마셔본건 아니지만매우 기대가 됩니다
2021-01-05,5,연말에 모임에서 마시려고 샀는데 혼술했네요 그래도 맛은 좋습니다 ㅋㅋㅋ
2020-12-19,4,제 취향은 아니지만 동동주나 구기자주 좋아하시는 아빠 입맛에는 잘 맞는다고 하시더라구요 끝에 살짝 상큼한 맛이 있어서 괜찮았어요
2020-12-15,5,정말 정말 최고예요화이트와인대신 혼디주마시려구요
2020-12-26,4,다른 술에 비해 그닥입니다 조금은 상큼함이 남아있을 것 같았는데 그냥 소주같은 느낌
2020-12-14,5,역시 전통주는 도수가 쎄도 소주 역함이 없구 부드러워용 
2021-01-10,5,만족합니다 
2020-12-12,4,취향을 좀 탈거같긴해여 향이 상큼한데 낯선향도있고
2020-12-31,5,샴페인 느낌도 나고 끝에 향이 살짝 납니다
2020-12-15,5,시트러스맛이 제게는 안 맞아요ㅜㅜ
2021-01-03,5,시트러스향이 나진 않지만 맛남
2020-12-14,5,혼디주만 조금 마셨습니다 과하지 않은 은은한 향이 좋았습니다 귀감도 어서 맛보고 싶네요
2020-12-12,5,굿굿 맛있습니다담에 또살게요
2020-12-28,5,감귤 향과 맛이 부드러워 먹기 좋았어요
2021-01-03,5,맛있게 먹었어요
2020-12-23,5,맛있고 달달해요 병도 예뻐요
2020-12-08,5,감기에 걸려서 못 마시고 잘 넣어뒀어요ㅜㅜ
2020-12-12,1,향이 너무 역해서 각정했는데 왜 슬픔 예감은 틀린적이 없나요 행주 빨은물에 감귤을 섞은 맛
2020-12-11,5,좋습니다 마실게요ㅎ
2020-12-03,5,배송도  빠르고  좋아요
2020-12-14,4,맛있어요 다음에 또 구매하겠습니다
2020-12-13,5,포장꼼꼼하게 와요 막걸리맛 납니다
2020-12-09,5,와인같네요 향이 은은하고 맛도 좋습니다
2020-12-20,4,화이트와인같은 느낌이살짝있어요
2020-12-21,5,깔끔하고 시원합니다
2020-11-29,4,드라이하고 바디감은 작은편인거같아요 부담없이 맛있게 먹었어요 또 주문할려구요
2020-12-14,5,부모님이랑 같이 먹는데 진짜 맛있었어요 ㅎㅎㅎ
2020-12-16,5,향도 적당하고 맛도 있고 젛아요
2020-12-13,5,조금 시큼하지만 맛있게 먹었습니다
2020-12-07,5,너무 맛있어요술마켓 좋아요
2020-12-09,4,아직 시음 전이라 맛이나 목넘김에 대해서 뭐라고 할 수가 없네요
2020-12-09,5,맛있어요 또 주문할게요
2020-11-21,5,배송도 빠르고 맛있어보이네요
2020-12-09,5,배송빠르고 물건 좋아요
2020-12-12,5,달달새콤하니 맛있어요
2020-12-04,5,맛있긴해요 많이 달지도 않고 좀만 쌌으면 하는 아쉬움 ㅠ
2020-12-09,4,좀 쓰고 시고 한데 토닉워터랑 잘어울려요
2020-12-07,5,핵존맛입니다 하하좋아요
2020-12-09,4,생각보다 덜 달아서 좋았어요
2020-12-04,5,t생각보다 맛있어요 살짝 달큰합니다
2020-12-07,5,아직안마셔봤지만 잘왓습니다
2020-11-28,5,좋습니다 종류 다양하게 시킬수있어서 선물용으로 딱이네요
2020-12-03,5,배송 빠르고 제품도 좋습니다
2020-10-16,3,유명하다는 제주술 구매해본 결과 음제 스타일은 아니에요 니모메보다 더 상큼한 정말 감귤이 생각나는 손이 잘 안가지만 상콤하고 신거 좋아하는 분들께는 추천 그래도 셔서 그런지 술맛은 많이는 안나요ㅎㅎ
2020-11-01,5,파손없이 잘왔습니다 배송이 빨라요
2020-10-27,5,깔끔하구 좋네요 잘먹었습니당
2020-10-28,5,크 특이하고 맛있네요
2020-10-30,4,ㅎㅎㅎ 맛있어요 근데 제가 생각한 감귤맛은아니네욤
2020-10-29,5,주말에 먹을꺼에요 배송도 빠르고 저렴하게 구매했ㅅㅂ니다
2020-10-19,5,포장상태너무조아요
2020-09-18,5,가볍게먹기좋은것으로시켜보았는데디저트와인터럼 먹기좋습니다재주문의사있어요 괜찮네요
2020-10-22,5,완전 맛있어서 좋아여
2020-09-28,5,와인같은 느낌입니다 많이 안달고 향긋하고 맛있어요 근데 나눠먹느라 양 늘리려고 사이다에 타먹었다네요ㅋㅋㅋ
2020-09-16,4,기대했던 것만큼 향이 진하지는 않아서 조금 아쉬웠어용 ㅠ
2020-08-17,5,저번주 제주도 여행을 다녀왔을때 제주도 술들이 너무 비싸 네이버에 찾아보던중 다양한 제주도 술을 값싸게 파는 술마켓을 발견하고 주문했는데 맛있고 배송도 빠르고 택배도 꼼꼼히 오는게 만족이었어요 재주문 의사 있습니다
2020-09-07,5,과일맛이 많이 나서 쉽게 넘어가요 많이 달아요
2020-09-10,4,마냥 달지는 않고 쌉싸름하면서 좋네요
2020-09-18,5,시중에 파는 과일소주보다는 덜 달고 술 맛이 강한 술이었어요 맛있었습니다 
2020-08-07,5,포장도 꼼꼼히 왔어요 상큼하고 맛있고 귤향이 확 나네요 병이 너무 예뻐요 전통주를 합리적인 가격에 살 수 있어서 너무 좋네요 많이 파세요 다음에 또 재구매 의사 있습니다 ㅎㅎㅎ
2020-09-26,5,맛있게 잘 마셨습니다
2020-07-30,4,바나나막걸리땜에 검색하다 귤맛이랑 사과소주를 사봤는데  배송빠르고 포장꼼꼼히 왔어요막걸리는 은은히 바나나향이랑 맛이나니 먹기는 편했구요귤첨가된 전통주는 맛이 거의안나서 실망했어요ㅜㅜ 나머진 먹고 다시 리뷰쓸께용ㅎ
2020-08-12,5,생각만큼 상큼한 귤 맛이나 향이 강하진 않지만 과일소주 같이 인위적인 맛이 아니여서 좋았습니다
2020-08-27,5,달달하이 맛있어요
2020-08-19,5,이벤트로 마시기 딱 좋은 제품같아요
2020-08-14,2,감귤 씻은 맛이었어요 ㅠㅠ 넘 실망
2020-09-02,5,맛있어요 깔끔해요 좋아요
2020-08-02,5,맛있는데 귤맛보다늠 귤껍질맛이라 해야할까요 맛은 있어요
2020-08-04,5,배송이 조금 오래걸렸지만 안깨지고잘왔어용
2020-08-25,5,배송 빠르고 술맛도 좋아요
2020-08-28,5,다른 술도 시켜보고싶어요
2020-07-22,5,감귤소주는 처음 마셔보는데 꽤 맛있었어요 리뷰만 보고 주문한건데 성공했어요
2020-08-19,5,제주도에서 사왔는데 다 선물로 줘서 맛이 궁금해서 주문했어요
2020-08-24,5,시원하게 마셔야 맛있어요
2020-08-18,5,정말 맛있어요  앉은뱅이 술같아요
2020-07-20,5,친구선물로 산거라 아직은 마셔보지 못했지만 예뻐요잘산거같아요 친구가 좋아하겠죠
2020-07-06,5,7월의 추천 블로그글보고 구매했습니다 산뜻하고 경쾌한 느낌이 좋았어요 좋은술 추천 감사합니다
2020-08-04,5,시트러스한 느낌의 혼디주 과일 안주에 곁들여 먹었는데 가볍고 좋았어요
2020-08-08,5,좀 새콤하긴 한데 맛있어요
2020-08-02,4,감귤맛이 많이 안 나서 좀 아쉽네요
2020-07-28,5,배송이 꼼꼼해서 좋아요
2020-07-01,5,제주 혼디주 유명해서 사봤습니다얼른 마시고 싶네요
2020-07-02,5,제주감귤 3종중에 젤 제취향이네요 달달하니 맛있어요
2020-06-13,5,너무궁금해서 구매했는데 배송안전튼튼히 잘왔어요 감사해요 
2020-07-04,5,달달한 화이트 와인 느낌이에요 좋았어요
2020-06-13,5,신례명주 이야기만 들어보고 온라인 판매가 없어 아쉬웠는데 마침 샵에 들어왔길래 미니어처로 먼저 맛보려고 구입했습니다  너무너무 맛있네요큰 병으로 구입하려고요
2020-06-24,5,귤껍질 향입니다 얼음에 타서 시원하게 마시니 좋네요
2020-06-04,5,맛있어요다음에 또 재구매 하려구요
2020-06-04,5,내일 오픈예정인데 기대 되네요ㅋ
2020-05-11,5,토닉워터랑 얼음 넣어 차갑게 마셨는데 좋았어요 포장도 꼼꼼하게 해주셔서 감사했습니다
2020-06-08,5,배송이 빨리와서 좋았고 선물했는데 맛있어서 아껴드셨다고 하시더라구요
2020-05-25,4,포장고 꼼꼼하고 맛도 좋고 아주 좋습니다
2020-05-11,5,처음에는 시큼 해서 엥 햇는데 한잔 딱 마시고 나니까 술술 들어가요 ㅋㅋ 시큼한 맛보다 귤 껍질향기 같은게 맴돌아서ㅔ 좋았어요 맛잇게 마셨습니다
2020-04-22,5,벡종원의 맛남의 광장에서 니온 양조장에서 만든 술이라헤서 구매했습니다 병 디자인이 너무 예쁜데 맛도 좋길 바랍니다 ㅎㅎ
2020-05-12,4,맛 표현을 하자면 시트러스향이 나고 아주 약간의 단맛이 도는 화이트 와인이라고 하는 것이 제일 적당해 보입니다끝맛에 약간 알콜향이 남지만 12도라는 생각이 들지 않을 정도로 깔끔한 편입니다
2020-05-04,5,약간 막걸리 청하 맛도 나면서 부드럽고 맛있었어요 또 주문할거 같아요
2020-05-11,5,술이 정말 새콤달콤해서 새로운 매력이 있네요
2020-05-05,5,간단히먹기에 좋습니다
2020-05-03,5,부드럽고 맛있어요 ㅎㅎㅎ
2020-04-24,5,빠른배송 잘받았습니다
2020-04-07,3,진짜 맛있어요 많이 사서 주변에 나눠줬어요 근데 이마트에 더 싸게 팔더라구요ㅠㅜ 주변 이마트 가보고 사세요
2020-03-26,5,맛있어요 좀 달고 술 잘 못마시는 분들은 토닉워터랑 섞어서 같이 드세요
2020-02-24,5,선물로 샀는데 좋아하시네요
2020-02-07,5,귤로 만든 술이라 상큼함이있어요청하랑 비슷한 느낌이면서 여성분들이 깔끔하고 상큼하게 마실수있을것같아요
2020-02-16,5,백종원님 덕에ㅜ맛있는 술 알게되서 좋네요
2020-03-04,5,배송도 빠르고 또 구매하고 싶을만큼 새콤달콤 맛있네요
2020-02-13,5,선물용인데 술 잘 못하시는 엄마께는 딱인듯해여
2020-02-14,5,와이프가 맛있다고 하네요
2020-02-18,5,상큼하고 맛있어요 근데 가격 대비 양이 적어요
2020-02-19,4,깔끔하고 좋기는 한데 달달함을 기대하고 마시면 실망할맛 입니다
2020-02-25,5,맛나게 잘먹었습니다
2020-02-23,5,역시 술은 고급진게 좋아요
2020-02-08,5,배송도 빨랐고 향이 너무 좋아요
2020-02-12,5,빠른배송감사합니당
2020-02-07,5,적당히 은은하게 맛있더라구요
2020-01-03,5,좋아요 저렴하게잘샀어요
2020-01-05,5,맛있어요 감사합니다 잘 마실게요 ㅎㅎ
2020-01-02,5,꽤좋은거같습니다 
2020-01-10,5,좋아요 감사합니다 감사합니다
2019-11-29,4,감귤 발효주는 처음 봤는데 먹어볼게요
2019-11-30,3,배송이 넘 느려요ㅔ
2019-11-05,5,포장도 각 병별로 구분되어있고 꼼꼼해서 안전하게 받았어요 전통주 집에서 받을수 있는게 굉장히 편해서 지인에게도 추천중입니다
2019-10-29,4,맛있어요 청하랑 비슷한 만 귤맛 잘 안 나지만 그래도 맛있게 먹었어요
2019-10-21,5,만족합니다만족합니다
2019-09-04,5,캐주얼한 화이트와인 느낌입니다단맛도 과하지 않고 부드러운 목넘김마리아주는 일반적인 화이트와인과 비슷하게 생각하면 될 듯여성분들이 좋아할 것 같네요제주도 관광상품같아 얕봤는데 생각보다 술자체로써 잘 만들어진 상품이예요
2019-10-16,4,좋아요 좋아요 좋아요
2019-09-24,5,배송을 빨리 해주셔서 너무 감사합니다
2019-08-29,5,맛있을줄 알았는데 그냥 그렇네요 아직 알콜 레벨이 쪼렙인가 봅니다 언니랑 사은품으로 주신 토닉워터 섞어 먹었어요 ㅋㅋ ㅠㅠ
2019-08-25,5,이거 맛있어요 차게 마시면 더 좋습니다
2019-08-17,5,차게 마시면 더 맛있어요 귤의 은은한 향이 좋아요
2019-08-16,5,맛있어요 배송도 빠르고 인터넷으로 살수있는 것이 큰장점이네요
2019-08-13,5,계속 마셔보고 싶었는데 배송받아서 마셔보니 맛있네요
2019-08-09,5,달달하니 넘나 좋았네여
2019-07-28,5,배송도 빠르고 맛도 좋아요 
2019-07-24,5,주류박람회에서 맛보고 샀어요 맛있어요
